,0,1,2,3,4,5,6,7,8,9,10,11,12,13,14,15,16,17,18,19,20,21,22,23,24,25,26,27,28,29,30,31,32,33,34,35,36,37,38,39,40,41,42,43,44,45,46,47,48,49,50,51,52,53,54,55,56,57,58,59,60,61,62,63,64,65,66,67,68,69,70,71,72,73,74,75,76,77,78,79,80,81,82,83,84,85,86,87,88,89,90,91,92,93,94,95,96,97,98,99,100,101,102,103,104,105,106,107,108,109,110,111,112,113,114,115,116,117,118,119,120,121,122,123,124,125,126,127,128,129,130,131,132,133,134,135,136,137,138,139,140,141,142,143,144,145,146,147,148,149,150,151,152,153,154,155,156,157,158,159,160,161,162,163,164,165,166,167,168,169,170,171,172,173,174,175,176,177,178,179,Labels
0,-322.76007080078125,88.87776947021484,2.6068968772888184,14.302582740783691,-10.860786437988281,-9.89439582824707,-20.965959548950195,-0.6635951399803162,-15.767851829528809,-4.924647808074951,-3.322092056274414,-3.722032070159912,-11.313048362731934,-0.4977838695049286,-14.322649955749512,-0.45224612951278687,-10.731886863708496,0.6276708245277405,-10.424416542053223,-1.3094840049743652,-8.09850788116455,-2.196898937225342,-7.993834972381592,-0.5896719694137573,-6.837133407592773,-0.7846140265464783,-7.164768695831299,0.09279896318912506,-3.8661975860595703,0.968194842338562,-3.374230146408081,-2.2366387844085693,-7.144039630889893,-3.7383639812469482,-7.972191333770752,-2.952101945877075,-4.195042610168457,0.885988712310791,1.4859607219696045,5.498877048492432,0.5661143064498901,0.5426777005195618,0.6084474325180054,0.6255841255187988,0.6428735852241516,0.7335616946220398,0.724073052406311,0.656210720539093,0.5812165141105652,0.6518683433532715,0.7506019473075867,0.7448979020118713,0.00024006491003092378,0.002745196456089616,0.03613815829157829,0.24477452039718628,0.09550909698009491,0.4059736132621765,0.7149637937545776,0.43947646021842957,0.844605028629303,0.2702775299549103,0.3370726406574249,1.3603473901748657,3.43472957611084,3.643022298812866,1.6787186861038208,0.26393336057662964,0.2755194306373596,0.7011827230453491,3.9155471324920654,4.238542556762695,3.3452348709106445,1.2073367834091187,0.19035930931568146,0.6113475561141968,5.226660251617432,5.050492286682129,3.9132134914398193,3.678826332092285,0.3464396297931671,0.04780483990907669,0.3193030059337616,0.678642988204956,1.0290507078170776,0.2516040503978729,0.1838531643152237,0.07508345693349838,0.04273494333028793,0.017393451184034348,0.01674136146903038,0.016723865643143654,0.022837812080979347,0.02420915476977825,0.014620431698858738,0.019663117825984955,0.040992580354213715,0.049536436796188354,0.02021981216967106,0.026181120425462723,0.03168331831693649,0.013396680355072021,0.014196188189089298,0.014051721431314945,0.015287471003830433,0.014929712750017643,0.011835726909339428,0.00596892274916172,0.006845100782811642,0.004486630670726299,0.0075891572050750256,0.009946060366928577,0.006311456672847271,0.008328289724886417,0.007994591258466244,0.010343463160097599,0.014221892692148685,0.009602267295122147,0.013119099661707878,0.008340130560100079,0.004195534624159336,0.007228695321828127,0.024421509355306625,0.02958071045577526,0.027782713994383812,0.024934031069278717,0.0073488624766469,0.04540840536355972,0.04498402774333954,0.035173382610082626,0.021109499037265778,0.029896659776568413,0.01415166724473238,0.00822675134986639,0.007303935941308737,0.004356259014457464,0.0018599339528009295,0.002305228030309081,0.0024288389831781387,0.0009437386761419475,0.000830017845146358,0.0007392468978650868,0.0006712981266900897,0.0006682068342342973,0.0007047593826428056,0.0007404865464195609,0.0008078525424934924,0.0008582695154473186,0.0006675770273432136,0.0008535872912034392,0.0016150929732248187,0.0027871793136000633,0.0023049931041896343,0.003262950573116541,0.0026049974840134382,0.0019021392799913883,0.002609177026897669,0.001415471313521266,0.001002130564302206,0.0010209446772933006,0.0006816234090365469,0.0009693028987385333,0.0006351874908432364,0.0005353456363081932,0.0005808318383060396,0.0003381468413863331,0.000377513759303838,0.0004542347160167992,0.0005965434829704463,0.0007694194209761918,0.0011105677112936974,0.00100749044213444,0.000887527537997812,0.0009015363175421953,0.0009482924360781908,0.0011656491551548243,0.00035609310725703835,5.314616282703355e-05,4.990630714019062e-06,2.98142737165108e-07,3
1,-311.0093078613281,84.85509490966797,1.743168592453003,10.883158683776855,-11.670611381530762,-7.260248184204102,-19.781688690185547,-0.6387425065040588,-15.339348793029785,-5.302561283111572,-9.405720710754395,-1.5913838148117065,-12.852998733520508,-1.786231279373169,-13.117670059204102,-1.4977058172225952,-10.26913070678711,-0.3003268241882324,-8.58263111114502,-0.445575088262558,-6.48837947845459,-0.8278078436851501,-6.167023181915283,-0.015231669880449772,-6.5976243019104,-1.7785754203796387,-6.765446662902832,0.5641551613807678,-4.772646427154541,-0.42136043310165405,-4.826606273651123,-1.8251147270202637,-5.824686050415039,-2.4438560009002686,-4.301424503326416,-1.1089353561401367,-3.9510064125061035,0.5733734965324402,-0.21809470653533936,0.9244122505187988,0.6489186882972717,0.5877982974052429,0.5964432954788208,0.6486067771911621,0.659696102142334,0.6905120015144348,0.6721416711807251,0.6573899984359741,0.6577194333076477,0.654022216796875,0.6659694314002991,0.6854472160339355,0.00023553273058496416,0.0034610384609550238,0.03381584212183952,0.19959810376167297,0.1002507209777832,0.2818858325481415,0.393837034702301,0.4086953103542328,0.9729872941970825,0.5222404599189758,1.02749502658844,1.9774092435836792,1.999846339225769,4.899063587188721,6.204288005828857,2.3436012268066406,1.5763989686965942,1.0048555135726929,2.1757240295410156,1.3770893812179565,2.038588047027588,3.808873414993286,6.626060485839844,1.4876445531845093,1.0374202728271484,1.4152297973632812,2.074626922607422,2.320248603820801,1.300070881843567,0.361294150352478,0.2768593728542328,0.24291405081748962,0.3290565609931946,0.47122418880462646,0.5793642997741699,0.3684864044189453,0.21370364725589752,0.07230418920516968,0.12565524876117706,0.08610068261623383,0.05480525642633438,0.10337425768375397,0.08012804388999939,0.06968723982572556,0.07270406931638718,0.08190954476594925,0.10021849721670151,0.04043172672390938,0.08440832793712616,0.041763145476579666,0.03326242417097092,0.039381496608257294,0.013482965528964996,0.016184745356440544,0.017918722704052925,0.01056598499417305,0.01338332612067461,0.00992780365049839,0.01232144795358181,0.013109831139445305,0.010381195694208145,0.011157304979860783,0.01224026270210743,0.014375957660377026,0.018192173913121223,0.01888926327228546,0.025145383551716805,0.030090119689702988,0.030798591673374176,0.034953247755765915,0.024060050025582314,0.012755990959703922,0.03775987774133682,0.05465632677078247,0.07839451730251312,0.03943364694714546,0.01730690896511078,0.022266913205385208,0.015329241752624512,0.01621842384338379,0.009390152990818024,0.0079489815980196,0.008607679046690464,0.004655105527490377,0.002504771575331688,0.0029380344785749912,0.0034067966043949127,0.004993170965462923,0.005520946346223354,0.00327037600800395,0.0018287531565874815,0.0017089031171053648,0.0024867469910532236,0.0018555816495791078,0.003936773166060448,0.005334834102541208,0.00451209070160985,0.0052001518197357655,0.005002197343856096,0.00258434540592134,0.0035057517234236,0.008464690297842026,0.0039312588050961494,0.0056036715395748615,0.002563417423516512,0.0015422814758494496,0.0016208546003326774,0.001632403931580484,0.001784859923645854,0.002281514462083578,0.0018558339215815067,0.0009545774664729834,0.0017165184253826737,0.0025239912793040276,0.007809039670974016,0.004653225187212229,0.002375988522544503,0.001750433468259871,0.0018759098602458835,0.0016627043951302767,0.0015916458796709776,0.0013920709025114775,0.0009695451590232551,0.000985159887932241,0.0003735033969860524,8.611142402514815e-05,7.764327165205032e-06,2.7135186542182055e-07,3
2,-307.0152587890625,87.18299865722656,5.100714683532715,14.395807266235352,-9.84373664855957,-9.084725379943848,-18.380598068237305,-2.035628080368042,-12.31490707397461,-5.835209846496582,-6.641122817993164,-2.152665853500366,-12.036735534667969,-2.623467445373535,-12.447649002075195,-0.3123292326927185,-9.968745231628418,1.9363220930099487,-7.272359848022461,-0.6927134394645691,-9.203505516052246,-3.5313103199005127,-6.364571571350098,-0.6757921576499939,-6.360523700714111,-0.41329506039619446,-6.577530384063721,-1.470956563949585,-4.742769241333008,-0.7431939840316772,-4.210348606109619,-0.6682537794113159,-6.119343280792236,-1.1785720586776733,-4.092317581176758,-1.3809731006622314,-3.2965052127838135,-1.2340816259384155,-1.9048784971237183,1.8347384929656982,0.6321932673454285,0.6641722321510315,0.6663339138031006,0.6722655892372131,0.6828038692474365,0.7016851305961609,0.6640386581420898,0.6449704766273499,0.6335892677307129,0.680229663848877,0.7148160934448242,0.692186176776886,0.0002804612449835986,0.005654416978359222,0.059916574507951736,0.3539724051952362,0.15028655529022217,0.5200841426849365,1.0192936658859253,0.7751674056053162,1.428542137145996,0.4718835949897766,0.5125162601470947,1.5556073188781738,3.339428424835205,6.75881290435791,4.9644365310668945,2.6556241512298584,5.384249210357666,3.383805751800537,4.673873424530029,3.0179388523101807,2.473963499069214,1.475597858428955,0.9572733044624329,0.7798831462860107,1.59787118434906,2.321077585220337,2.2854530811309814,2.2649662494659424,1.0163302421569824,0.4786551296710968,1.5200752019882202,1.1976721286773682,0.7710457444190979,0.15499475598335266,0.09348197281360626,0.07259255647659302,0.05551405996084213,0.025558635592460632,0.029942266643047333,0.019651250913739204,0.022387489676475525,0.022161243483424187,0.022966232150793076,0.048624057322740555,0.07156479358673096,0.03367258235812187,0.017602307721972466,0.019920192658901215,0.02277449518442154,0.01418749988079071,0.013322070240974426,0.012926561757922173,0.00808310229331255,0.01158328540623188,0.010874180123209953,0.010791385546326637,0.020126644521951675,0.016788054257631302,0.012398337945342064,0.015233081765472889,0.008881611749529839,0.011404834687709808,0.010503781028091908,0.01688677817583084,0.01955757476389408,0.015845254063606262,0.015920376405119896,0.02616417594254017,0.01861264556646347,0.026731863617897034,0.0377180278301239,0.027746044099330902,0.028340037912130356,0.035671643912792206,0.024050850421190262,0.017002323642373085,0.0159296877682209,0.02088354155421257,0.011066799983382225,0.007610156666487455,0.010707656852900982,0.007607785984873772,0.009298105724155903,0.0069166445173323154,0.0027647153474390507,0.003424613503739238,0.004102147184312344,0.002986571053043008,0.0024486903566867113,0.0017647326458245516,0.0032982011325657368,0.00442404905334115,0.006462446413934231,0.004738557618111372,0.00256025861017406,0.002404044382274151,0.0017435887129977345,0.0017284653149545193,0.0038507867138832808,0.0053755175322294235,0.002985198050737381,0.003397515509277582,0.0022622535470873117,0.0020577628165483475,0.0027505969628691673,0.0021085587795823812,0.0015528229996562004,0.0016679087420925498,0.00100154266692698,0.000798865919932723,0.0006317254737950861,0.0004968501161783934,0.0006022027228027582,0.000614972086623311,0.000689443142618984,0.0007490515126846731,0.0010786429047584534,0.0012503275647759438,0.0022200625389814377,0.0026385472156107426,0.0017903222469612956,0.002311107935383916,0.003229968948289752,0.0052299583330750465,0.0009538436424918473,0.00028719683177769184,3.646988625405356e-05,1.0545654731686227e-06,3
3,-285.14898681640625,84.42218780517578,-0.9055889248847961,11.166281700134277,-9.98155689239502,-7.653892517089844,-18.585187911987305,0.8954382538795471,-13.753643035888672,-6.213230133056641,-10.281057357788086,-3.2818148136138916,-12.356653213500977,-1.778363823890686,-12.064611434936523,-0.7252485752105713,-8.816673278808594,0.9017181396484375,-7.7855544090271,-1.0724040269851685,-8.05206298828125,-0.5618335604667664,-6.4298787117004395,-0.34128355979919434,-6.119755268096924,-0.36506128311157227,-6.641489505767822,-0.365640252828598,-5.095055103302002,-1.8793365955352783,-5.547386646270752,-2.67288875579834,-5.756152629852295,-0.04539431259036064,-3.0570764541625977,0.727815568447113,-4.027256488800049,-1.2593343257904053,-1.62018883228302,1.322536826133728,0.6313220262527466,0.6564484238624573,0.6594725251197815,0.6148368716239929,0.6502654552459717,0.714555561542511,0.6829723119735718,0.6500333547592163,0.629504382610321,0.6233448386192322,0.6444819569587708,0.605025589466095,0.0003769114555325359,0.0065224263817071915,0.06391539424657822,0.28575313091278076,0.13209708034992218,0.6211326122283936,1.099363088607788,0.780717134475708,1.3632363080978394,1.0709147453308105,2.0634591579437256,3.5157113075256348,5.0573883056640625,7.962895393371582,11.261916160583496,7.524745464324951,1.5057886838912964,1.1208782196044922,2.503405809402466,3.4894447326660156,4.719324588775635,2.6816821098327637,1.620496392250061,1.4817423820495605,0.9549122452735901,1.4741371870040894,1.0808793306350708,0.9735803008079529,1.0223002433776855,1.0291279554367065,3.3408079147338867,2.4295506477355957,0.8688167929649353,0.3651735484600067,0.5056565403938293,1.1017475128173828,2.9789116382598877,2.1868176460266113,7.391061305999756,2.488659381866455,0.11246107518672943,0.07692328840494156,0.14040569961071014,0.2550756633281708,0.4966046214103699,0.4745487868785858,0.4444170892238617,0.1567213386297226,0.16769841313362122,0.07382406294345856,0.03876572474837303,0.2635793685913086,0.17340123653411865,0.12981587648391724,0.28917568922042847,0.1630088984966278,0.0535738505423069,0.11813004314899445,0.08326341211795807,0.05820529907941818,0.08521533012390137,0.06134231388568878,0.14506304264068604,0.6696478724479675,0.31896939873695374,0.05789021775126457,0.03908751904964447,0.03285153582692146,0.031141243875026703,0.07966593652963638,0.20959535241127014,0.05823046714067459,0.05827179551124573,0.09253833442926407,0.13779599964618683,0.0839148461818695,0.03924615681171417,0.036836206912994385,0.023302681744098663,0.030531082302331924,0.030978260561823845,0.025410829111933708,0.01563699170947075,0.011182138696312904,0.00675539392977953,0.018698470667004585,0.04887595400214195,0.013395288027822971,0.005908248480409384,0.005253032315522432,0.004794898442924023,0.004315850790590048,0.008927266113460064,0.02259502373635769,0.00920763798058033,0.0061492412351071835,0.0043751853518188,0.008530347608029842,0.004976172931492329,0.00482514314353466,0.00544816255569458,0.013087380677461624,0.011415509507060051,0.010396325029432774,0.005975248292088509,0.005774817429482937,0.009717309847474098,0.008236808702349663,0.004402004182338715,0.011497300118207932,0.01334562711417675,0.008980228565633297,0.003121559042483568,0.004042973741889,0.0059240530245006084,0.00297584873624146,0.0021536629647016525,0.00218453467823565,0.002842321991920471,0.006898652296513319,0.0038531688041985035,0.0028445860370993614,0.0017826746916398406,0.0018102156464010477,0.0011012050090357661,0.00023012390010990202,2.637842408148572e-05,6.956196330065723e-07,3
4,-314.4472961425781,73.23348236083984,0.8337000012397766,13.838847160339355,-6.673635005950928,-8.007977485656738,-13.717522621154785,2.355059862136841,-11.469243049621582,-3.8090906143188477,-10.707296371459961,-1.0357192754745483,-12.727893829345703,0.1017230674624443,-13.760655403137207,0.17978428304195404,-10.328184127807617,-0.6835420727729797,-9.186711311340332,0.9105830192565918,-7.777596950531006,-1.8672783374786377,-7.7991042137146,-0.43518707156181335,-6.342740535736084,-0.08745089173316956,-7.105278968811035,0.10565222054719925,-5.84089469909668,-0.24880829453468323,-4.6270856857299805,-2.7206177711486816,-5.839968681335449,-0.4913596510887146,-3.6426618099212646,0.6192172765731812,-3.539377212524414,-0.4748551547527313,-3.7418384552001953,0.6858336925506592,0.6618659496307373,0.6681497693061829,0.6704073548316956,0.6697596907615662,0.7183808088302612,0.7132229804992676,0.7370969653129578,0.7421897649765015,0.7440966963768005,0.6969566345214844,0.7179015278816223,0.680766761302948,0.00026742543559521437,0.004830163903534412,0.052021294832229614,0.2962909936904907,0.13028571009635925,0.42972081899642944,0.7919821739196777,0.5604806542396545,0.8321007490158081,0.3171272277832031,0.2842669188976288,0.6120597720146179,2.5743753910064697,3.8031258583068848,4.677065372467041,0.485309898853302,0.2880060374736786,0.313852995634079,1.0327657461166382,1.1076605319976807,0.9723953008651733,0.8232609033584595,0.5117882490158081,0.7063521146774292,1.3013819456100464,1.971868872642517,1.6300101280212402,1.0509607791900635,0.5814172029495239,1.2221180200576782,5.100403785705566,3.0390748977661133,0.7727785706520081,0.11890114098787308,0.22900010645389557,1.7869892120361328,2.0759520530700684,0.178318053483963,0.08529873192310333,0.045461397618055344,0.059972554445266724,0.03615737333893776,0.045003604143857956,0.10637228935956955,0.11912804841995239,0.0286982674151659,0.013568035326898098,0.02293812669813633,0.019820429384708405,0.01691536046564579,0.02568211406469345,0.034616660326719284,0.03878406062722206,0.014765169471502304,0.008994882926344872,0.010125114582479,0.014788459986448288,0.008938804268836975,0.012132913805544376,0.014157257974147797,0.011104926466941833,0.011683301068842411,0.01499950047582388,0.06921816617250443,0.044627126306295395,0.02564484439790249,0.027803946286439896,0.021138465031981468,0.04911472275853157,0.08870268613100052,0.10339707136154175,0.04391081631183624,0.053766604512929916,0.032432328909635544,0.011780565604567528,0.05452285334467888,0.05385744944214821,0.024270113557577133,0.029416359961032867,0.03916136175394058,0.04360068216919899,0.014867098070681095,0.015546701848506927,0.013438799418509007,0.010071770288050175,0.013186211697757244,0.010238634422421455,0.014120923355221748,0.012656928971409798,0.009579739533364773,0.007028455846011639,0.007914220914244652,0.011215053498744965,0.00860082171857357,0.009801956824958324,0.01153710950165987,0.01099238358438015,0.006136054173111916,0.009837529622018337,0.00727667473256588,0.00813676044344902,0.010282211937010288,0.007122330367565155,0.004889733158051968,0.0055183907970786095,0.004423773381859064,0.0037946905940771103,0.0034052995033562183,0.0030760550871491432,0.004392335191369057,0.006185568403452635,0.006675484124571085,0.006781799718737602,0.00817281473428011,0.004956175107508898,0.0059898956678807735,0.007771157193928957,0.013613807037472725,0.016108602285385132,0.01866283267736435,0.013774818740785122,0.0070895785465836525,0.01181956846266985,0.009130985476076603,0.0026956377550959587,0.0006454666727222502,8.226413046941161e-05,1.8989920818057726e-06,3
5,-333.3167724609375,70.17439270019531,-7.582607269287109,9.230457305908203,-13.328516960144043,-9.627634048461914,-16.509437561035156,-1.711606502532959,-15.248075485229492,-3.9165964126586914,-10.974493980407715,-2.3169105052948,-11.3958101272583,-0.9820079207420349,-11.026895523071289,-0.3648194372653961,-9.433853149414062,-0.08079101145267487,-8.659707069396973,-0.3275001645088196,-6.904176235198975,-0.020566536113619804,-5.770918369293213,0.6005012392997742,-5.848219394683838,-0.7243403792381287,-7.17503023147583,0.07272077351808548,-5.863201141357422,-1.9677460193634033,-6.950088977813721,-2.876725435256958,-6.453264236450195,1.3267381191253662,0.5298357009887695,4.189942836761475,-0.6637343764305115,1.5006760358810425,-2.74943470954895,0.8098351359367371,0.7200999855995178,0.6877636909484863,0.6186792850494385,0.632256805896759,0.663864016532898,0.6535719037055969,0.7161112427711487,0.7857403755187988,0.7362340688705444,0.6637295484542847,0.6209004521369934,0.6694351434707642,0.00011697340232785791,0.0010618820087984204,0.01186364982277155,0.09697970747947693,0.036876410245895386,0.090805284678936,0.36249884963035583,0.27805736660957336,0.4102106988430023,0.18414317071437836,0.30057451128959656,0.502697229385376,0.9014953374862671,6.015708923339844,5.344604969024658,1.6242598295211792,1.4167124032974243,1.839569330215454,0.4695526361465454,0.5066477656364441,1.9443250894546509,2.0949912071228027,1.4129935503005981,0.6410878896713257,0.7063705921173096,0.7821072340011597,1.139333963394165,1.2788879871368408,0.39106330275535583,1.4685311317443848,4.158290863037109,2.3412749767303467,0.9372952580451965,0.14118187129497528,0.09402597695589066,0.22927826642990112,0.4881044924259186,0.7743040323257446,0.3961735665798187,0.051114752888679504,0.027883782982826233,0.04003838822245598,0.032765280455350876,0.12234602123498917,0.7055643200874329,0.26126739382743835,0.156826451420784,0.1025848388671875,0.1116410419344902,0.04293022304773331,0.06076078861951828,0.034582242369651794,0.015267931856215,0.01989481784403324,0.019615480676293373,0.011377289891242981,0.01184401847422123,0.020527509972453117,0.02795640006661415,0.04496875777840614,0.01657397300004959,0.01804228313267231,0.013470038771629333,0.012225676327943802,0.014288043603301048,0.0661807507276535,0.10663191974163055,0.03780340030789375,0.017871541902422905,0.015839559957385063,0.018043527379631996,0.0343986451625824,0.035417068749666214,0.04870219528675079,0.014086222276091576,0.05041024461388588,0.09254997223615646,0.03424358367919922,0.011044012382626534,0.009648103266954422,0.0111686447635293,0.009544824250042439,0.018907776102423668,0.015308777801692486,0.010220968164503574,0.009877466596662998,0.00601652218028903,0.004136743023991585,0.0027817487716674805,0.0031961535569280386,0.004842220805585384,0.0028936294838786125,0.003125377930700779,0.0025440750177949667,0.002255458850413561,0.0024988502264022827,0.0028353086672723293,0.0029375122394412756,0.0026415823958814144,0.0020112241618335247,0.0016337756533175707,0.0021163371857255697,0.0025802040472626686,0.0017911175964400172,0.0016015120781958103,0.0020128621254116297,0.0016161054372787476,0.0015004415763542056,0.001133963349275291,0.0010768414940685034,0.0011394202010706067,0.0012094444828107953,0.0012618311448022723,0.0013030088739469647,0.001466876594349742,0.0013008284149691463,0.0020790928974747658,0.0033863785210996866,0.0024466668255627155,0.0017038073856383562,0.0017136618262156844,0.0023173431400209665,0.0039020359981805086,0.004143350291997194,0.0020083931740373373,0.00026851266738958657,2.9895825718995184e-05,3.929709748717869e-07,3
6,-320.71722412109375,70.139892578125,-9.278231620788574,2.6981918811798096,-15.190510749816895,-6.6630473136901855,-8.880748748779297,0.38639870285987854,-16.282440185546875,0.11317010968923569,-14.074913024902344,-1.3609950542449951,-9.988055229187012,-0.6744190454483032,-11.040257453918457,-3.0813961029052734,-9.6995267868042,-1.537654995918274,-4.841815948486328,0.5097086429595947,-4.537513256072998,-1.1607991456985474,-5.8617401123046875,0.6319670081138611,-7.06109619140625,0.5881696939468384,-4.818674087524414,1.567097783088684,-5.762470245361328,-0.7430548071861267,-5.893648624420166,-3.7186686992645264,-5.798109531402588,-1.2319049835205078,-4.596540451049805,1.1080150604248047,0.5041935443878174,1.289945363998413,-0.7479149103164673,0.540162980556488,0.7050366401672363,0.6218678951263428,0.5469078421592712,0.5620781183242798,0.6225017309188843,0.6631961464881897,0.7373084425926208,0.7885355353355408,0.7195802330970764,0.695182204246521,0.6637094020843506,0.6306024193763733,0.00019390363013371825,0.0025749176274985075,0.02631203457713127,0.15715886652469635,0.09078795462846756,0.2266082465648651,0.4296356439590454,0.3702941834926605,0.6680904626846313,0.36976051330566406,0.45497065782546997,1.225071907043457,1.4561775922775269,6.281468868255615,3.846641778945923,0.3722970485687256,0.3341558873653412,0.5438284277915955,0.8859823346138,1.7816352844238281,3.6661720275878906,1.7817671298980713,0.7198978662490845,0.8114701509475708,0.8528792858123779,0.6728670001029968,1.1966817378997803,2.9350426197052,2.0010125637054443,2.273418664932251,0.832430362701416,0.2829601466655731,0.29984623193740845,0.40891581773757935,0.5001999139785767,1.5419938564300537,8.492631912231445,2.706338882446289,0.9777421355247498,0.5459781289100647,0.5392000675201416,0.952127993106842,0.7916780710220337,0.20253224670886993,0.20741625130176544,0.25410255789756775,0.18389344215393066,0.1935945451259613,0.2443379908800125,0.11806908249855042,0.10592144727706909,0.12741266191005707,0.09033213555812836,0.1202344223856926,0.18853768706321716,0.25843197107315063,0.17602171003818512,0.06326131522655487,0.062236886471509933,0.08888870477676392,0.11524244397878647,0.05268504098057747,0.06421957910060883,0.06866281479597092,0.056761015206575394,0.12988461554050446,0.04906308650970459,0.027227256447076797,0.01834019087255001,0.08461172878742218,0.05849244073033333,0.044666048139333725,0.017123624682426453,0.015521375462412834,0.023038187995553017,0.029165247455239296,0.023243455216288567,0.03964945301413536,0.05379263684153557,0.02712683379650116,0.03992307558655739,0.03611239045858383,0.020124321803450584,0.011688041500747204,0.015458734706044197,0.030590830370783806,0.041584208607673645,0.028892220929265022,0.03124147094786167,0.01371582131832838,0.010984765365719795,0.012871377170085907,0.017815139144659042,0.022138629108667374,0.010437337681651115,0.0026958913076668978,0.004024926107376814,0.0034148958511650562,0.0027197101153433323,0.0028596457559615374,0.002032994059845805,0.0034454225096851587,0.004040902480483055,0.002284275833517313,0.002417831216007471,0.0016013140557333827,0.002662105020135641,0.002524474635720253,0.0015073491958901286,0.0022934528533369303,0.004067522473633289,0.0049161589704453945,0.006278420798480511,0.004791393876075745,0.006453623529523611,0.005358977243304253,0.00461916858330369,0.005918548442423344,0.0054008010774850845,0.006691268645226955,0.006333193741738796,0.004195193760097027,0.004059426486492157,0.0032997324597090483,0.0011645153863355517,0.00017389743879903108,5.071170744486153e-05,7.24169694876764e-07,3
7,-259.0340881347656,76.41734313964844,-3.359482526779175,7.793262004852295,-13.355525970458984,-12.89361572265625,-18.210918426513672,1.9431908130645752,-17.1962833404541,-4.560798645019531,-7.959937572479248,-2.7281248569488525,-8.266534805297852,-0.5083572864532471,-9.559823989868164,-1.1099733114242554,-10.942357063293457,-1.0028305053710938,-8.502467155456543,0.15604928135871887,-7.0248122215271,-0.5163378119468689,-4.006885528564453,-1.780676007270813,-7.035243034362793,-0.4384358525276184,-7.682252883911133,-1.8447288274765015,-4.426260471343994,-0.04082375764846802,-3.8466243743896484,-0.31786298751831055,-3.093656063079834,-0.4770972728729248,-3.7075741291046143,1.3828312158584595,-0.9863815307617188,-2.1534039974212646,-2.1023693084716797,-0.3298889994621277,0.6162834167480469,0.5947698950767517,0.6464828848838806,0.6556553840637207,0.670533299446106,0.7106845378875732,0.7130037546157837,0.7527382373809814,0.7356124520301819,0.6776754856109619,0.6553326845169067,0.623214840888977,0.0009799068793654442,0.006891560275107622,0.05893963575363159,0.3810313940048218,0.19286954402923584,0.4390256106853485,1.1474590301513672,1.1372147798538208,1.7236247062683105,1.8178802728652954,5.243097305297852,3.8730249404907227,3.0750906467437744,12.475667953491211,15.036565780639648,14.153175354003906,11.707295417785645,7.668850898742676,3.384951591491699,6.476681709289551,12.782430648803711,11.025390625,8.28253173828125,16.037765502929688,14.10622501373291,11.29699993133545,26.58263397216797,17.38274383544922,3.8617944717407227,3.503727674484253,8.972582817077637,7.008655548095703,11.011664390563965,14.92836856842041,11.743651390075684,9.538973808288574,7.537757396697998,3.5538437366485596,4.723787784576416,5.066475868225098,3.157695770263672,2.779292583465576,1.7966504096984863,3.060406446456909,4.765133380889893,2.413856029510498,1.5616259574890137,0.8499830365180969,0.5803694725036621,1.5432807207107544,1.1857374906539917,0.590050995349884,0.6556674838066101,1.0660287141799927,0.7079774737358093,0.9206894040107727,0.24368436634540558,0.25414273142814636,0.37915199995040894,0.9399909377098083,0.42448535561561584,0.43213799595832825,0.47688373923301697,0.31030118465423584,0.48939311504364014,0.5768440365791321,0.3226243257522583,0.4902907609939575,0.3715612292289734,0.3980999290943146,0.9844153523445129,2.112901449203491,1.4324471950531006,0.7351818084716797,0.5895249843597412,0.21966923773288727,0.351733535528183,0.23577344417572021,0.36710676550865173,0.4064309298992157,0.5568522214889526,0.16798168420791626,0.09903943538665771,0.15147675573825836,0.06976347416639328,0.04345240071415901,0.03939367085695267,0.030385244637727737,0.02731923945248127,0.0328122116625309,0.02451653592288494,0.032734256237745285,0.02833261340856552,0.01733158715069294,0.011614147573709488,0.012297704815864563,0.030678164213895798,0.03153194859623909,0.03470494970679283,0.023094184696674347,0.023304326459765434,0.02670522965490818,0.03089018166065216,0.019561201333999634,0.03606592118740082,0.051652904599905014,0.0813569650053978,0.07392889261245728,0.04519154131412506,0.029601391404867172,0.018478035926818848,0.011237320490181446,0.011905373074114323,0.011405331082642078,0.016453413292765617,0.020233379676938057,0.011317889206111431,0.008872895501554012,0.008481965400278568,0.009713748469948769,0.01341496966779232,0.009001565165817738,0.006775600370019674,0.003848595777526498,0.002005433663725853,0.0006303861155174673,7.475542952306569e-05,2.3536836124549154e-06,3
8,-326.5375061035156,57.66037368774414,-3.6830289363861084,9.255505561828613,-10.081302642822266,-6.270294189453125,-14.276671409606934,-1.9437333345413208,-11.535005569458008,-4.422837257385254,-7.922500133514404,-2.174075126647949,-7.957692623138428,0.19085916876792908,-6.878250598907471,-0.23813651502132416,-7.5763983726501465,-0.12119346112012863,-6.624701976776123,0.6436285376548767,-6.187681674957275,-0.6112196445465088,-3.794909715652466,-1.3221516609191895,-5.070220470428467,-1.3138855695724487,-4.740859508514404,-0.48283013701438904,-4.483720302581787,-0.056667692959308624,-2.4969468116760254,-1.0993061065673828,-4.0659565925598145,-2.2767422199249268,-3.9270119667053223,-0.010952805168926716,-2.9992568492889404,0.36664673686027527,0.6664507389068604,0.23655204474925995,0.6843292117118835,0.6588544249534607,0.6630032062530518,0.7570074200630188,0.7809283137321472,0.7832481265068054,0.7701272964477539,0.7521447539329529,0.711908221244812,0.7437775135040283,0.6909389495849609,0.7235221862792969,0.0009497478604316711,0.005583151709288359,0.04767749458551407,0.2951344847679138,0.14672869443893433,0.4952157437801361,1.0491695404052734,0.7423959970474243,1.1928801536560059,0.5036561489105225,0.8102983236312866,4.922011375427246,7.263432502746582,7.398771286010742,5.910461902618408,5.938027381896973,21.772092819213867,28.198183059692383,5.409752368927002,4.6292500495910645,4.237521648406982,1.944989800453186,0.7026625871658325,1.4506028890609741,1.9679012298583984,2.1121652126312256,5.959440231323242,12.410252571105957,2.067089080810547,0.17746993899345398,0.5528577566146851,0.6233778595924377,0.38917380571365356,0.3821813464164734,1.1986701488494873,2.02998423576355,0.4241279661655426,0.140341654419899,0.18714512884616852,0.2535833418369293,0.187501922249794,0.1755204051733017,0.1397680640220642,0.12736134231090546,0.1930384337902069,0.10626935213804245,0.08723106235265732,0.23221787810325623,0.11377838999032974,0.09504523128271103,0.13136045634746552,0.16436222195625305,0.09534826874732971,0.08133865147829056,0.12091116607189178,0.1131078228354454,0.08346369862556458,0.1369917243719101,0.11146119236946106,0.12542051076889038,0.09050073474645615,0.14983294904232025,0.1735299527645111,0.19788359105587006,0.08170685917139053,0.23441359400749207,0.2939782440662384,0.2819700241088867,0.2605881094932556,0.15846088528633118,0.06278233975172043,0.07826311886310577,0.17323175072669983,0.1994619518518448,0.37104228138923645,0.1088813990354538,0.06900301575660706,0.05888655409216881,0.09106192737817764,0.13867610692977905,0.14885610342025757,0.03511897474527359,0.02074502222239971,0.036269787698984146,0.05941400304436684,0.0756644606590271,0.03428605943918228,0.02649730257689953,0.025456098839640617,0.018934231251478195,0.022813744843006134,0.023234397172927856,0.012135696597397327,0.02540764957666397,0.03277602419257164,0.061679158359766006,0.04216527193784714,0.01836634799838066,0.022883670404553413,0.010449226945638657,0.02559809945523739,0.02721436135470867,0.02084345370531082,0.020080896094441414,0.016289768740534782,0.015319330617785454,0.009787255898118019,0.011551882140338421,0.010334381833672523,0.011228720657527447,0.006872554309666157,0.00443284073844552,0.007136024069041014,0.005342485383152962,0.003912246320396662,0.004495585802942514,0.005270288325846195,0.004369059111922979,0.004073059186339378,0.0052289157174527645,0.008318102918565273,0.00650738226249814,0.0036944756284356117,0.0030617103911936283,0.0015309761511161923,0.0007786692003719509,6.798587855882943e-05,1.7710362953948788e-06,3
9,-267.2926330566406,93.28022003173828,-1.4543492794036865,12.336909294128418,-13.853764533996582,-7.882301330566406,-23.097055435180664,-1.4588685035705566,-15.188613891601562,0.2668132483959198,-10.503884315490723,-3.3547513484954834,-11.706226348876953,-0.3632219135761261,-13.188720703125,1.846025824546814,-9.91242790222168,-0.633163571357727,-10.572900772094727,-0.5107090473175049,-7.880692481994629,-0.250924289226532,-8.68713092803955,-1.4280166625976562,-7.595880508422852,-1.4736526012420654,-6.197024822235107,-0.7903225421905518,-6.8830742835998535,-1.8051420450210571,-4.685235023498535,-2.105337142944336,-4.452057361602783,0.04012797400355339,-4.61529541015625,-0.07453853636980057,-4.689084529876709,-2.7383675575256348,-3.3885140419006348,0.1550719439983368,0.6557337045669556,0.6285156011581421,0.6900954842567444,0.6594247221946716,0.6610506772994995,0.6579722762107849,0.6369804739952087,0.6381896734237671,0.6461227536201477,0.6841749548912048,0.7081971764564514,0.6270955801010132,0.0005150420474819839,0.008901648223400116,0.08199602365493774,0.5479834675788879,0.6076706051826477,0.9661404490470886,1.272973895072937,0.8855123519897461,1.451036810874939,0.5700916647911072,1.2728092670440674,3.559915781021118,5.362893581390381,8.253012657165527,9.388787269592285,3.323754072189331,2.3540990352630615,3.211625337600708,8.622480392456055,5.275306224822998,3.8165102005004883,4.309708118438721,3.6396484375,1.868114709854126,5.616052627563477,5.656274795532227,4.497596740722656,5.5270819664001465,0.5795701742172241,0.6486040353775024,2.0822813510894775,2.661130905151367,1.112785816192627,0.40448495745658875,0.299798846244812,0.2746788263320923,0.23845835030078888,0.2699584662914276,0.30446577072143555,0.061084892600774765,0.06893376260995865,0.11271341890096664,0.07111980766057968,0.05467209964990616,0.06507337093353271,0.02846265397965908,0.04406462982296944,0.24725471436977386,0.3943459987640381,0.16459353268146515,0.129287987947464,0.11666680127382278,0.05637183412909508,0.07662730664014816,0.07851393520832062,0.036339160054922104,0.02879715897142887,0.04387647658586502,0.045941270887851715,0.02971399389207363,0.038089703768491745,0.051867466419935226,0.056978024542331696,0.09770393371582031,0.03611937537789345,0.03575751557946205,0.05911095440387726,0.08692003786563873,0.047798726707696915,0.026974719017744064,0.017865967005491257,0.026173247024416924,0.060252703726291656,0.02346612885594368,0.03416275233030319,0.032162122428417206,0.02987770363688469,0.03620906546711922,0.019882505759596825,0.041077449917793274,0.03773320093750954,0.016642073169350624,0.011124935932457447,0.017811747267842293,0.010766517370939255,0.011279098689556122,0.008176127448678017,0.007567727006971836,0.0054798973724246025,0.003749086521565914,0.0024778915103524923,0.0028993969317525625,0.0036675913725048304,0.004202442709356546,0.004882507026195526,0.0044640363194048405,0.00331575283780694,0.004024970345199108,0.0035147182643413544,0.004786902107298374,0.007304982282221317,0.00891910307109356,0.00741353165358305,0.009397950023412704,0.007674322929233313,0.006003593094646931,0.007265875115990639,0.0059910365380346775,0.003958369605243206,0.004159087315201759,0.00393751822412014,0.0030145966447889805,0.002495222957804799,0.0016991621814668179,0.002666318090632558,0.004415125120431185,0.0028611936140805483,0.0019092686707153916,0.0028069925028830767,0.0037887641228735447,0.003604268189519644,0.0021692332811653614,0.0017930452013388276,0.0017328918911516666,0.0005649558734148741,0.00018985180940944701,2.9259688744787127e-05,8.458449087811459e-07,3
10,-288.6163330078125,85.19024658203125,-0.8754962086677551,9.810100555419922,-12.876775741577148,-2.6802589893341064,-19.372079849243164,0.48121392726898193,-11.974003791809082,-2.3896613121032715,-7.318360328674316,-2.1436824798583984,-10.7950439453125,-3.0822043418884277,-10.935345649719238,-0.6297866702079773,-10.612427711486816,0.15755733847618103,-8.539727210998535,-1.4255026578903198,-7.405241966247559,-1.8454115390777588,-7.95843505859375,-1.0908745527267456,-6.316042900085449,-0.4024198353290558,-6.372433185577393,-0.5971021056175232,-5.953278064727783,-2.1781229972839355,-5.7774248123168945,-2.2977843284606934,-2.982363700866699,-0.20895884931087494,-4.344954013824463,2.093839645385742,-1.1768383979797363,0.7014432549476624,-2.6320550441741943,-1.4794317483901978,0.7328295111656189,0.7502633929252625,0.738625705242157,0.7529131174087524,0.6859233379364014,0.6982468962669373,0.7445219159126282,0.7880642414093018,0.7401817440986633,0.7160063982009888,0.6439339518547058,0.7574576735496521,0.0005549706402234733,0.01057551521807909,0.0950145572423935,0.5034884214401245,1.8233540058135986,1.5032109022140503,1.25055730342865,1.1136077642440796,1.5249098539352417,0.9169730544090271,1.8298325538635254,0.9656468033790588,0.8921693563461304,5.2520575523376465,6.7202348709106445,6.174998760223389,4.537215232849121,2.256467580795288,0.7026930451393127,1.0775399208068848,4.2025933265686035,7.590705871582031,5.244576930999756,7.999263286590576,8.931238174438477,2.346522092819214,2.5534543991088867,8.020873069763184,2.8772265911102295,1.1892527341842651,2.7755534648895264,1.389509677886963,0.8058785796165466,0.34379979968070984,0.18895655870437622,0.4366765320301056,0.43471887707710266,0.2275145798921585,0.182473823428154,0.1392126828432083,0.22190892696380615,0.23418523371219635,0.13972188532352448,0.18084952235221863,0.10694514214992523,0.08892472088336945,0.14443765580654144,0.16882242262363434,0.14650531113147736,0.11974995583295822,0.07883714884519577,0.037451449781656265,0.040686920285224915,0.0548006072640419,0.06292513012886047,0.054658662527799606,0.0614384301006794,0.08577899634838104,0.045244041830301285,0.03123389557003975,0.0517602302134037,0.04902956634759903,0.048505887389183044,0.07197549939155579,0.08560018241405487,0.04566463455557823,0.0421881228685379,0.036418888717889786,0.026667755097150803,0.03508613258600235,0.02285205014050007,0.05095604062080383,0.12970440089702606,0.06535344570875168,0.0537828654050827,0.02836468443274498,0.03422838822007179,0.09291177242994308,0.03330685570836067,0.021657969802618027,0.030041279271245003,0.015406361781060696,0.0068709529004991055,0.006171256769448519,0.005614825990051031,0.0061716134659945965,0.007071965374052525,0.01227134745568037,0.008183908648788929,0.004772832151502371,0.005256411619484425,0.00443835835903883,0.004738539457321167,0.0047862171195447445,0.006927459500730038,0.006507061421871185,0.006343764718621969,0.007920878939330578,0.006800334434956312,0.007687665987759829,0.01564059406518936,0.013123213313519955,0.008925143629312515,0.015302982181310654,0.015936292707920074,0.01173225324600935,0.009449165314435959,0.009520784951746464,0.007302409503608942,0.010038892738521099,0.007853984832763672,0.006402617786079645,0.0053054350428283215,0.0033278590999543667,0.0032892138697206974,0.003819899633526802,0.004522333387285471,0.003044049022719264,0.00397641072049737,0.0034814218524843454,0.002579780761152506,0.0026510837487876415,0.0030562805477529764,0.0019874328281730413,0.0010611658217385411,0.000437693641288206,2.986039180541411e-05,1.1402353266021237e-06,3
11,-279.7434387207031,74.78787994384766,-5.19138765335083,14.290413856506348,-17.25611114501953,-12.833727836608887,-17.4763126373291,-1.7287013530731201,-14.751896858215332,-2.186688184738159,-6.088062763214111,-2.2893970012664795,-11.233663558959961,0.3905082941055298,-7.98892879486084,0.15790660679340363,-10.131714820861816,-3.4598774909973145,-8.584689140319824,1.5794243812561035,-8.645004272460938,0.31991738080978394,-6.256095886230469,0.26194238662719727,-8.287307739257812,0.9112913608551025,-7.613142967224121,0.05400343984365463,-4.124356746673584,-1.2830729484558105,-6.874198913574219,-2.9725430011749268,-5.29638671875,-0.44420498609542847,-4.277924060821533,2.1973319053649902,-3.3083884716033936,-1.395335078239441,-1.9696834087371826,0.782977819442749,0.6030057668685913,0.5588208436965942,0.5329295992851257,0.5000172853469849,0.5647903680801392,0.6079836487770081,0.6321588158607483,0.6470365524291992,0.6511339545249939,0.6690458655357361,0.6455038785934448,0.5883039832115173,0.0009638341143727303,0.007107890676707029,0.06489930301904678,0.3816273510456085,0.17224472761154175,0.423713743686676,0.9950017929077148,0.8229334354400635,0.953714907169342,0.4403936564922333,0.872101902961731,2.4855403900146484,3.294776439666748,7.293042182922363,12.284954071044922,9.441726684570312,2.8022522926330566,5.221132278442383,9.688151359558105,10.176241874694824,12.714966773986816,8.321767807006836,4.165324687957764,6.477807521820068,6.6251220703125,6.031204700469971,5.04680871963501,7.528515338897705,3.417996644973755,1.140331506729126,2.186187982559204,1.3095899820327759,0.6595429182052612,0.7560093998908997,1.0434703826904297,1.307675838470459,0.8317919969558716,0.7082604169845581,2.107542037963867,0.8020696043968201,0.33034127950668335,0.24066394567489624,0.21688322722911835,0.3679385185241699,0.4715622067451477,0.668071985244751,0.6326749324798584,0.9073901176452637,0.5776795148849487,0.26749396324157715,0.4365674555301666,0.358845591545105,0.36967623233795166,0.2572730779647827,0.15134698152542114,0.11202944815158844,0.08143893629312515,0.27521488070487976,0.13146255910396576,0.15412090718746185,0.06821724027395248,0.03393782302737236,0.03686325252056122,0.03975754231214523,0.10374091565608978,0.03981122374534607,0.043867774307727814,0.08917628228664398,0.14706382155418396,0.13533951342105865,0.10943131893873215,0.11863286793231964,0.17620213329792023,0.24401529133319855,0.06905678659677505,0.03833049163222313,0.06798555701971054,0.07509762048721313,0.0708739385008812,0.06584792584180832,0.0998980849981308,0.12307173758745193,0.08106964081525803,0.13737675547599792,0.13996218144893646,0.05500116944313049,0.037022002041339874,0.03916650637984276,0.03486953675746918,0.03910933434963226,0.06214434280991554,0.10675781965255737,0.0760456845164299,0.08399468660354614,0.04219352453947067,0.0772797018289566,0.0700388178229332,0.04989013448357582,0.02133459970355034,0.012941445223987103,0.010320904664695263,0.015308665111660957,0.019513586536049843,0.017899097874760628,0.005949289072304964,0.007888748310506344,0.01232385728508234,0.013673440553247929,0.019770612940192223,0.023023663088679314,0.0369168296456337,0.0297247227281332,0.019867053255438805,0.016069605946540833,0.018318817019462585,0.008341027423739433,0.00399799132719636,0.004965326748788357,0.0037712377961724997,0.003309831256046891,0.0031604659743607044,0.0035286329220980406,0.004292236175388098,0.0025858627632260323,0.0018187662353739142,0.0008696968434378505,0.00013996168854646385,3.078450845350744e-06,3
12,-332.222412109375,75.81832885742188,7.993916988372803,9.896795272827148,-12.245003700256348,-12.839239120483398,-15.574488639831543,-3.528071165084839,-15.900217056274414,-4.547865390777588,-7.526761531829834,-5.44086217880249,-8.817327499389648,1.1118789911270142,-9.19343090057373,3.2613525390625,-8.457892417907715,-0.3111482560634613,-8.240168571472168,-0.5728347301483154,-7.8455328941345215,-1.5620718002319336,-7.608680248260498,-3.11653208732605,-8.218083381652832,-2.345357656478882,-6.843364715576172,0.6704537868499756,-3.0218024253845215,2.0702710151672363,-2.057356595993042,0.5152589678764343,-3.2289552688598633,0.21997013688087463,-2.372481107711792,1.613348364830017,-2.4005792140960693,-2.061098337173462,-4.060570240020752,-0.9189251065254211,0.6233713030815125,0.6947627067565918,0.702092707157135,0.7551904916763306,0.7544055581092834,0.7038704752922058,0.6644291877746582,0.6895211935043335,0.6822559833526611,0.6522588133811951,0.6022387146949768,0.6252853870391846,0.0002571862714830786,0.004295308608561754,0.04981067776679993,0.33390507102012634,0.1696448177099228,0.3498240113258362,0.8342640399932861,0.8830890655517578,3.5958213806152344,2.884335517883301,0.6951845288276672,0.8169130086898804,1.2688196897506714,3.4152863025665283,10.78147029876709,18.289152145385742,16.883304595947266,15.053586959838867,20.2287540435791,6.521729469299316,2.576439619064331,2.735779047012329,2.7103159427642822,2.2242705821990967,2.4017012119293213,1.7200450897216797,4.500984191894531,9.969642639160156,2.4794371128082275,0.8959835767745972,1.9867089986801147,1.605915904045105,0.8091267943382263,0.5733075141906738,0.7873809933662415,0.8735185265541077,0.6161085367202759,0.38425129652023315,0.6727867722511292,0.0769534558057785,0.028437191620469093,0.031215742230415344,0.037536296993494034,0.06011688709259033,0.04426903650164604,0.02054990455508232,0.015904663130640984,0.023341480642557144,0.03535766154527664,0.019951678812503815,0.019480541348457336,0.04002143815159798,0.04651514068245888,0.042501579970121384,0.020286379382014275,0.015456918627023697,0.013290217146277428,0.014755453914403915,0.019451899453997612,0.015902051702141762,0.009560071863234043,0.02037368342280388,0.014967422932386398,0.021841619163751602,0.025036504492163658,0.029167279601097107,0.04055016115307808,0.11586910486221313,0.18464477360248566,0.07807423174381256,0.01594703271985054,0.025086265057325363,0.02751680463552475,0.01938609778881073,0.01214150432497263,0.013411112129688263,0.014408870600163937,0.027537120506167412,0.021545687690377235,0.011235265992581844,0.020728927105665207,0.020631618797779083,0.04927816241979599,0.01698247902095318,0.012165886349976063,0.021337058395147324,0.009375488385558128,0.013693117536604404,0.00374840060248971,0.003561228048056364,0.00786604080349207,0.0033348784781992435,0.002051124582067132,0.0017481696559116244,0.003404363989830017,0.004684888757765293,0.002537438878789544,0.0019470988772809505,0.0019922922365367413,0.0052156043238937855,0.003960876259952784,0.0037913050036877394,0.003941236529499292,0.006791794206947088,0.008261176757514477,0.018409430980682373,0.010622570291161537,0.00876658409833908,0.0014339417684823275,0.001754456665366888,0.002741866512224078,0.0026541994884610176,0.002007389673963189,0.0020785056985914707,0.0024348876904696226,0.007169855292886496,0.003013653913512826,0.0029768135864287615,0.00920177809894085,0.011235425248742104,0.01330716721713543,0.010750998742878437,0.007163946982473135,0.004595094360411167,0.0017475234344601631,0.0006035774131305516,7.543464016634971e-05,1.2486614195950096e-06,3
13,-278.2086181640625,94.62525939941406,6.5533246994018555,15.867925643920898,-9.940665245056152,-14.473388671875,-26.894512176513672,-1.4705673456192017,-17.56216812133789,-6.1610822677612305,-5.437126159667969,-2.1006569862365723,-7.3762946128845215,-2.252089500427246,-9.129642486572266,-0.1531113088130951,-9.822667121887207,-2.652662754058838,-7.778255939483643,-1.1717690229415894,-5.2427849769592285,-3.4582059383392334,-3.746487617492676,-3.909156560897827,-6.985720634460449,-3.775320291519165,-7.213467121124268,-2.437849998474121,-6.571683883666992,-0.9545002579689026,-1.7375353574752808,-0.3847644627094269,-2.825688123703003,-0.0627126470208168,-0.7478083968162537,1.2724041938781738,-1.3051480054855347,-2.439807176589966,-2.6633799076080322,-2.668118953704834,0.6187010407447815,0.6059439182281494,0.6174140572547913,0.6484193801879883,0.6624647378921509,0.5838863849639893,0.62333744764328,0.6741534471511841,0.6968196630477905,0.6529325842857361,0.6008933782577515,0.5784162282943726,0.00028386834310367703,0.007215919904410839,0.06555920094251633,0.34783217310905457,0.169988751411438,0.24143409729003906,0.6456397771835327,1.1607524156570435,2.5860958099365234,1.010766863822937,1.3643591403961182,1.0164638757705688,0.9846803545951843,2.999237060546875,6.1568922996521,9.399656295776367,34.86247634887695,53.87281799316406,6.803089141845703,1.9247528314590454,2.521095037460327,2.3939461708068848,5.874338626861572,7.629743576049805,6.225707530975342,4.885157108306885,2.2180490493774414,1.7492952346801758,0.9707984924316406,1.270790934562683,0.3342497944831848,0.19030149281024933,0.12571416795253754,0.10800281912088394,0.17287664115428925,0.0855071172118187,0.07548879086971283,0.05276088789105415,0.07395569235086441,0.06612326949834824,0.05647742375731468,0.029238812625408173,0.03415307402610779,0.11764689534902573,0.16517606377601624,0.015650903806090355,0.01370138581842184,0.0152385039255023,0.025319242849946022,0.0182891096919775,0.03751672804355621,0.04723179712891579,0.045126158744096756,0.058022383600473404,0.023717200383543968,0.025257568806409836,0.024812648072838783,0.02099253050982952,0.049772560596466064,0.036618564277887344,0.008840368129312992,0.008807471953332424,0.006785479374229908,0.012347516603767872,0.01714015193283558,0.014807390980422497,0.01921185292303562,0.054025229066610336,0.04552198946475983,0.0378449372947216,0.021393969655036926,0.024100463837385178,0.021433524787425995,0.0225001759827137,0.017849676311016083,0.01968763954937458,0.012119886465370655,0.010729201138019562,0.020132819190621376,0.01464469637721777,0.035578418523073196,0.02752695046365261,0.01620340906083584,0.010293617844581604,0.004754887893795967,0.0065621789544820786,0.006292642559856176,0.003745283931493759,0.0015570526011288166,0.0016604821430519223,0.0016057934844866395,0.0018344719428569078,0.001468523289076984,0.003827743697911501,0.006590004079043865,0.012971911579370499,0.01010257937014103,0.0017344033112749457,0.0033577419817447662,0.004719364922493696,0.008198653347790241,0.00907327514141798,0.005592279136180878,0.0024647864047437906,0.008086184039711952,0.008571437560021877,0.005204674322158098,0.0029770038090646267,0.004441194701939821,0.002516630571335554,0.003494958160445094,0.0020640159491449594,0.0028835562989115715,0.004493413958698511,0.0037756389938294888,0.006888288538902998,0.003172211581841111,0.0018898447742685676,0.0013042035279795527,0.001586945611052215,0.0008121595601551235,0.0009398405672982335,0.000665737665258348,0.0006374252843670547,0.000291114003630355,0.00014666384959127754,1.5469820937141776e-05,4.0988558680510323e-07,3
14,-269.7669677734375,92.15621948242188,-3.415001392364502,13.027352333068848,-13.26648235321045,-2.315723180770874,-19.783267974853516,-1.1845728158950806,-16.845308303833008,-1.182287573814392,-10.093600273132324,-2.298553705215454,-10.823918342590332,-0.6461012363433838,-8.806838035583496,-0.922797441482544,-9.87037467956543,-4.407912254333496,-11.744134902954102,-0.7226932048797607,-6.397464275360107,1.0176929235458374,-6.9975152015686035,0.23002830147743225,-6.439255714416504,0.7214281558990479,-8.028337478637695,-1.3377797603607178,-6.346371650695801,0.14156414568424225,-4.928622245788574,-0.08485213667154312,-4.050728797912598,0.6785354018211365,-4.690271377563477,-0.0704871416091919,-4.695580005645752,-2.5831665992736816,-4.31099271774292,-0.05542067810893059,0.5680485367774963,0.6307553648948669,0.6731606721878052,0.6758771538734436,0.6668621897697449,0.6837016344070435,0.6878920793533325,0.7172719836235046,0.6781811118125916,0.7296543717384338,0.6751783490180969,0.6044227480888367,0.00046320600085891783,0.011284167878329754,0.07676168531179428,0.4331740140914917,0.21107155084609985,0.31008675694465637,0.47519049048423767,0.8495146632194519,1.4014861583709717,0.8720616102218628,1.9049692153930664,2.22511887550354,3.2694153785705566,1.8369758129119873,2.3195621967315674,4.283792972564697,2.2073824405670166,2.020890951156616,5.12242317199707,2.46256160736084,2.2374823093414307,2.1623141765594482,1.7697734832763672,4.236300945281982,4.457326889038086,1.4286972284317017,0.7102117538452148,0.5759595632553101,0.2625637352466583,0.38091596961021423,0.4548853039741516,0.5859963893890381,0.4224033057689667,0.23494811356067657,0.5224829912185669,0.9364268779754639,0.39332982897758484,0.16918255388736725,0.41650378704071045,0.2500198185443878,0.16861622035503387,0.16258397698402405,0.17847532033920288,0.19433364272117615,0.24485629796981812,0.13097134232521057,0.1437009871006012,0.1545049399137497,0.1564399003982544,0.1136433407664299,0.20208439230918884,0.3295764625072479,0.24738501012325287,0.23243673145771027,0.11302261054515839,0.08818096667528152,0.061216097325086594,0.05603211745619774,0.11535492539405823,0.08286706358194351,0.045477502048015594,0.050640374422073364,0.07367508113384247,0.10338842123746872,0.09410016238689423,0.06364147365093231,0.06290701776742935,0.05065745487809181,0.10815281420946121,0.08228234201669693,0.06950821727514267,0.04204300791025162,0.03867010772228241,0.03905403986573219,0.034476060420274734,0.028878694400191307,0.07468399405479431,0.05992954969406128,0.037861891090869904,0.03744988888502121,0.045059360563755035,0.028753487393260002,0.024528076872229576,0.011410034261643887,0.00976448506116867,0.024545175954699516,0.030280297622084618,0.011293316259980202,0.010398169979453087,0.010486708953976631,0.010519794188439846,0.0082560358569026,0.007808186113834381,0.011623715981841087,0.007697689812630415,0.010843388736248016,0.006154676899313927,0.004964357707649469,0.00811163242906332,0.010640385560691357,0.007770240306854248,0.0065293931402266026,0.0042126718908548355,0.004117242060601711,0.0074661243706941605,0.00896789226680994,0.006340962368994951,0.00807035993784666,0.010992946103215218,0.008883152157068253,0.005488791037350893,0.005855019669979811,0.006093968637287617,0.004370956216007471,0.0026927597355097532,0.0027131051756441593,0.002545853378251195,0.0023049318697303534,0.0017322967760264874,0.004051080904901028,0.004991062451153994,0.0047938404604792595,0.0019061535131186247,0.001888456754386425,0.00109143799636513,0.00048171530943363905,5.246386717772111e-05,1.0108834658240085e-06,3
15,-320.7558288574219,87.28447723388672,4.231071472167969,18.70092010498047,-10.861064910888672,-13.157195091247559,-19.44449234008789,-2.713460922241211,-15.194300651550293,-3.9067158699035645,-5.627511501312256,-2.8644680976867676,-8.915597915649414,2.8413543701171875,-11.823444366455078,0.6476308107376099,-9.919639587402344,0.16135936975479126,-7.628804683685303,-1.7108181715011597,-8.341819763183594,-0.6057155728340149,-5.928635120391846,0.41566407680511475,-6.253608226776123,-2.0429468154907227,-7.75297737121582,-2.248345375061035,-5.652406692504883,-2.664047956466675,-4.529489994049072,-0.3565085232257843,-4.20868444442749,0.7352686524391174,-1.7364790439605713,3.1486029624938965,-1.1569697856903076,-2.1530067920684814,-1.0954569578170776,0.28975585103034973,0.6270043849945068,0.6258034110069275,0.6550860404968262,0.6269940137863159,0.5932841300964355,0.6155290007591248,0.667232871055603,0.7529698610305786,0.6769067645072937,0.6440268158912659,0.6446946263313293,0.5889197587966919,0.00044307217467576265,0.009266277775168419,0.06560222804546356,0.3180141746997833,0.17545491456985474,0.41558316349983215,1.0414760112762451,0.9608816504478455,1.1611672639846802,0.5165983438491821,0.5445913672447205,0.9754043817520142,3.885096549987793,8.355106353759766,14.676526069641113,14.467340469360352,7.255023002624512,2.9929730892181396,1.6944338083267212,4.242157459259033,7.379153251647949,12.612205505371094,4.145544528961182,3.737896203994751,5.2117486000061035,4.766300201416016,2.8653533458709717,1.869670033454895,0.8346328735351562,0.7035853266716003,1.3150986433029175,0.7693198323249817,0.5099422931671143,0.1697804033756256,0.07476241886615753,0.056735485792160034,0.07786165922880173,0.061100732535123825,0.06794241070747375,0.02048216201364994,0.017325345426797867,0.013897216878831387,0.046286504715681076,0.09760607033967972,0.10366042703390121,0.022582706063985825,0.012141152285039425,0.011957467533648014,0.007894550450146198,0.00510483467951417,0.0106447609141469,0.021191615611314774,0.012057814747095108,0.00630774674937129,0.006072572432458401,0.007113875821232796,0.007135702762752771,0.028625575825572014,0.021715110167860985,0.016147539019584656,0.00833597220480442,0.008783473633229733,0.005731983110308647,0.011123087257146835,0.01787537708878517,0.014701955020427704,0.007851465605199337,0.013166533783078194,0.015720563009381294,0.011470581404864788,0.010088261216878891,0.024747159332036972,0.030636003240942955,0.033130843192338943,0.026164839044213295,0.02869693748652935,0.02027103491127491,0.05380627512931824,0.10368954390287399,0.03974778950214386,0.041006091982126236,0.0176605936139822,0.01531936228275299,0.017228689044713974,0.005644529592245817,0.005787283647805452,0.005068679805845022,0.005591894965618849,0.0016636396758258343,0.001381338806822896,0.0015464778989553452,0.0015902207233011723,0.001554358983412385,0.0015826313756406307,0.000993833877146244,0.001506931148469448,0.0016798940487205982,0.0012007432524114847,0.001953611383214593,0.004437972325831652,0.004772288259118795,0.005687932949513197,0.00424201600253582,0.002346469322219491,0.0017714138375595212,0.0014148388290777802,0.001553662703372538,0.0018411376513540745,0.0008962852298282087,0.0007492803852073848,0.0007365231867879629,0.0004701772122643888,0.00037332886131480336,0.0003972526756115258,0.0007646168814972043,0.0009923077886924148,0.0008497320814058185,0.0010048800613731146,0.000893904478289187,0.0020421422086656094,0.00325763039290905,0.005170678254216909,0.002353058895096183,0.0016958701889961958,0.00045340805081650615,0.00028275680961087346,2.9847795303794555e-05,2.4765773787294165e-07,3
16,-254.24099731445312,88.07756042480469,-17.53323745727539,9.70952033996582,-12.81406307220459,-3.105008840560913,-13.029054641723633,1.8504908084869385,-20.402313232421875,2.650230884552002,-8.238876342773438,-1.8000614643096924,-12.314457893371582,-1.4241694211959839,-10.542096138000488,-1.1786264181137085,-10.280047416687012,-4.4468865394592285,-8.11986255645752,-1.3881337642669678,-6.8773698806762695,-0.7731817960739136,-6.398316860198975,-0.7911685705184937,-6.461623191833496,-2.040199041366577,-7.042719841003418,0.007041743956506252,-6.337540149688721,-1.4415724277496338,-3.769684314727783,2.269507884979248,-1.8770970106124878,-1.1045435667037964,-4.173787593841553,0.5325754880905151,-4.358908176422119,-3.068657159805298,-3.840820074081421,-0.6257825493812561,0.6585528254508972,0.6091660261154175,0.6294184923171997,0.7168699502944946,0.666399359703064,0.6659227609634399,0.7330573201179504,0.7496718168258667,0.7838267683982849,0.7855848670005798,0.8083061575889587,0.7084200978279114,0.00031089712865650654,0.010354474186897278,0.07046589255332947,0.3655392825603485,0.20340509712696075,0.23387710750102997,0.8446802496910095,1.217214584350586,1.1182544231414795,0.5207163691520691,0.9791435599327087,0.815433144569397,0.7123957872390747,1.2544723749160767,1.9335047006607056,4.550959587097168,13.091567993164062,3.030064821243286,0.5171154141426086,0.5421048402786255,0.6887977719306946,2.5920779705047607,1.8648145198822021,7.216048240661621,16.329919815063477,8.85009765625,1.0427194833755493,0.9844080805778503,1.5867804288864136,2.320761203765869,6.433761119842529,8.902993202209473,12.217732429504395,4.217276096343994,2.205700635910034,1.5858113765716553,2.393566131591797,1.3225125074386597,1.0010863542556763,0.8369597792625427,0.6320648789405823,0.702544093132019,0.2874599099159241,0.13776789605617523,0.20419751107692719,0.18850542604923248,0.26419493556022644,0.18729189038276672,0.20670215785503387,0.17639155685901642,0.40086787939071655,0.6160939335823059,0.2022106647491455,0.09612107276916504,0.13155433535575867,0.21827168762683868,0.15484891831874847,0.15588440001010895,0.09457889944314957,0.10438222438097,0.06096768006682396,0.028471188619732857,0.024467051029205322,0.05349704995751381,0.3012292683124542,0.16088618338108063,0.18605934083461761,0.35030436515808105,0.5301043391227722,0.2745775878429413,0.20401215553283691,0.49454179406166077,0.6741525530815125,0.8192070126533508,0.20026995241641998,0.10353096574544907,0.06572117656469345,0.05337509885430336,0.1121704950928688,0.06334385275840759,0.07733248174190521,0.0499957874417305,0.06593077629804611,0.06399806588888168,0.015778834000229836,0.023316411301493645,0.017922835424542427,0.020515482872724533,0.013911890797317028,0.006723314523696899,0.0075767263770103455,0.009135494939982891,0.02289690636098385,0.007143686525523663,0.003835026640444994,0.0038567371666431427,0.0034719817340373993,0.003095479914918542,0.004371913615614176,0.004054750315845013,0.004048977512866259,0.005983958952128887,0.005987972486764193,0.007524068932980299,0.015027293004095554,0.006888637784868479,0.004678592085838318,0.00349431368522346,0.0030590107198804617,0.003118131309747696,0.0034667092841118574,0.005668404046446085,0.004654479678720236,0.006016536615788937,0.004873201251029968,0.00297168898396194,0.003387652337551117,0.0021302993409335613,0.0015872993972152472,0.0010059915948659182,0.000889627612195909,0.0009829681366682053,0.0007047049584798515,0.0007309150532819331,0.0004270126228220761,0.00012748186418320984,1.688033626123797e-05,3.8221793374759727e-07,3
17,-1123.8358154296875,1.0043731927871704,-3.1766233444213867,1.5674004554748535,-0.11225438117980957,0.3977539837360382,-0.2399255484342575,-0.7840566039085388,0.825390100479126,0.9940474033355713,0.44176918268203735,-0.07663784921169281,0.6028364300727844,-0.728946328163147,-1.3959728479385376,-0.001380655448883772,0.004107249900698662,0.28814858198165894,-0.014833211898803711,0.09807733446359634,0.38140445947647095,-0.16363953053951263,-0.026063311845064163,-0.7252660989761353,0.09681537747383118,0.07808089256286621,-1.5295464992523193,0.07919999957084656,0.7923800349235535,0.5126200914382935,0.3619057238101959,-0.26802220940589905,-0.06913496553897858,-0.5677095055580139,-0.1808050274848938,0.18065695464611053,0.4176928699016571,1.1415246725082397,-0.3436006009578705,-0.7903925776481628,0.8153350353240967,0.821111261844635,0.8700348138809204,0.9022925496101379,0.8610785007476807,0.8615184426307678,0.8780643343925476,0.8973568677902222,0.9749537706375122,0.9008758068084717,0.7978330254554749,0.7704976797103882,1.0550257195651724e-10,7.774425547779629e-11,1.4210320420371403e-10,1.0688110813061868e-10,7.252667910684352e-11,9.069894141289225e-11,1.3459254544212484e-10,1.4318064789353713e-10,7.609947394460193e-11,6.099205168696997e-11,7.229981197065527e-11,1.2246509362157099e-10,9.828344388340682e-11,9.248479759804695e-11,7.51136305932043e-11,8.525406075543529e-11,1.0597451388649759e-10,8.145536328774128e-11,9.44897007859602e-11,7.884365382793135e-11,8.551952201951707e-11,6.897513810111278e-11,1.1713610637009708e-10,1.0546712808645609e-10,6.665041435427455e-11,1.3420117794815667e-10,1.1952266953940693e-10,1.3412686239444582e-10,1.69951566708626e-10,1.00764001309539e-10,6.595132079345589e-11,7.73084790628431e-11,8.434512116517467e-11,7.019024250709549e-11,1.0913533965428712e-10,1.401109367415998e-10,5.503875133427982e-11,6.526222617875277e-11,5.483387355287306e-11,6.703806954000413e-11,7.953183944753306e-11,7.862668155445007e-11,1.135667254681394e-10,1.1988779413663053e-10,1.1910233910228385e-10,1.059642235068381e-10,1.1126181226339682e-10,8.593255274025324e-11,9.025651059868522e-11,1.5088427729459397e-10,1.0504982994596901e-10,5.91964741114559e-11,1.3526656184037478e-10,1.266118598852728e-10,1.1969880642226371e-10,1.1580948700018467e-10,1.3157755440751373e-10,1.4258111358245174e-10,7.902579979290891e-11,1.0209438155994732e-10,1.191743648210064e-10,1.6087939314068933e-10,1.4789025559736046e-10,1.705717511679694e-10,1.7244931871385205e-10,1.0116085052969126e-10,9.779536208620598e-11,1.375497354905164e-10,1.3351569849717748e-10,1.0542060974172429e-10,7.94479135257653e-11,9.803631517701916e-11,1.385135200981935e-10,1.2548458105943183e-10,9.11930739255773e-11,1.1972872693277736e-10,1.0016069224016988e-10,9.827316044264123e-11,1.0899619401483207e-10,1.3262951847892168e-10,8.623459585299642e-11,1.0959799734422404e-10,1.8361233367070184e-10,1.4248204005529175e-10,1.2064813037504507e-10,1.3866116588268085e-10,1.1476592592929435e-10,1.0206313572069803e-10,1.3530750131440783e-10,1.3107619156738082e-10,1.1838012514697738e-10,1.1885134543199172e-10,9.681098284142209e-11,1.2965517548479966e-10,1.4316563212712907e-10,1.0539217415450608e-10,1.1432033097946714e-10,1.1069049149492471e-10,1.1212059752852e-10,9.359138464226646e-11,8.355535707771367e-11,1.173187241798601e-10,1.289237466783888e-10,1.2380264868827595e-10,1.0772264330549675e-10,1.0865962296602305e-10,8.572906273762726e-11,7.904307763872964e-11,8.008715912666275e-11,8.090549757922005e-11,7.132899132455961e-11,7.088044040592933e-11,8.416825569845798e-11,6.117088779955537e-11,5.470986511046938e-11,4.4128086601480376e-11,5.844126571563635e-11,4.900666331075776e-11,6.071273345176209e-11,5.0361909087470735e-11,2.948282243342426e-11,2.9396270140313874e-11,2.2808718455613608e-11,1.311629971301187e-11,8.298131279338428e-12,3.169451680273827e-12,2.0335457222211278e-13,2.1240415025783332e-14,3
